<?xml version="1.0" encoding="UTF-8" ?>
<!DOCTYPE mapper PUBLIC "-//mybatis.org//DTD Mapper 3.0//EN" "http://mybatis.org/dtd/mybatis-3-mapper.dtd" >
<mapper namespace="com.story.storyadmin.mapper.wind.WDictMapper">
    <resultMap id="BaseResultMap" type="com.story.storyadmin.domain.entity.wind.WDict">
        <result column="gid" property="gid" jdbcType="INTEGER"/>
        <result column="label" property="label" jdbcType="VARCHAR"/>
        <result column="value" property="value" jdbcType="VARCHAR"/>
        <result column="sort" property="sort" jdbcType="INTEGER"/>
        <result column="remarks" property="remarks" jdbcType="VARCHAR"/>
        <result column="code" property="code" jdbcType="VARCHAR"/>
    </resultMap>
    <sql id="Base_Column_List">
    d.id,
    d.gid,
    d.label,
    d.value,
    d.sort,
    d.remarks,
    g.code
  </sql>
    <select id="selectDictList" resultMap="BaseResultMap">
        select
        <include refid="Base_Column_List"/>
        from test_dict d
        LEFT JOIN test_dict_group g on d.gid=g.id ORDER BY sort ASC
    </select>
</mapper>
