<?xml version="1.0" encoding="UTF-8" ?>
<!DOCTYPE mapper PUBLIC "-//mybatis.org//DTD Mapper 3.0//EN" "http://mybatis.org/dtd/mybatis-3-mapper.dtd" >
<mapper namespace="com.story.storyadmin.mapper.oasys.AttendanceMapper">
    <update id="updateAttendanceTime">
        update attendance_time
        set begin = #{begin}, end = #{end}
        where id = 1
    </update>

    <select id="selectAttendanceTime" resultType="map">
        select begin, end
        from attendance_time
        where id = 1
    </select>

    <select id="selectAttendance" resultType="Attendance">
        select * from attendance
        where user_id = #{userId}
          and sign_date = #{date}
    </select>

    <select id="selectAttendances" resultType="string">
        select sign_date from attendance
        where user_id = #{userId}
    </select>

    <insert id="signIn">
        insert into attendance(user_id, sign_date, sign_in_time, sign_out_time, has_sign_out)
        values (#{userId}, #{date}, #{time}, #{time}, 0)
    </insert>

    <update id="signOut">
        update attendance
        set sign_out_time = #{time}, has_sign_out = 1
        where user_id = #{userId} and sign_date = #{date}
    </update>
</mapper>