<?xml version="1.0" encoding="UTF-8" ?>
<!DOCTYPE mapper PUBLIC "-//mybatis.org//DTD Mapper 3.0//EN" "http://mybatis.org/dtd/mybatis-3-mapper.dtd" >
<mapper namespace="com.story.storyadmin.mapper.oasys.NetFileMapper">
    <resultMap id="FileResultMap" type="NetFile">
        <id property="id" column="id"/>
        <result property="name" column="name"/>
        <result property="path" column="path"/>
        <result property="type" column="type"/>
        <result property="size" column="size"/>
        <result property="userId" column="user_id"/>
        <result property="parentId" column="parent_id"/>
        <result property="personal" column="personal"/>
        <result property="createdTime" column="created_time"/>
    </resultMap>

    <insert id="insertNetFile">
        insert into file(name, path, type, size, user_id, parent_id, personal, created_time)
        values (#{name}, #{path}, #{type}, #{size}, #{userId}, #{parentId}, #{personal}, #{createdTime})
    </insert>

    <update id="updateNetFile">
        update file set name = #{newName}
        where id = #{id}
    </update>

    <delete id="deleteNetFiles">
        delete from file where id in
        <foreach collection="ids" item="id" open="(" separator="," close=")" >
            #{id}
        </foreach>
    </delete>

    <select id="selectNetFile" resultMap="FileResultMap">
        select * from file
        where id = #{id}
    </select>

    <select id="selectNetFiles" resultMap="FileResultMap">
        select file.*, st_user.id, st_user.name
        from file, st_user
        where file.user_id = st_user.id
        and file.parent_id = #{parentId}
        and file.personal = #{personal}
        <if test="personal == true">
            and file.user_id = #{userId}
        </if>
    </select>
</mapper>