{"playlist":{"subscribers":[],"subscribed":false,"creator":{"defaultAvatar":false,"province":110000,"authStatus":1,"followed":false,"avatarUrl":"http://p1.music.126.net/QWMV-Ru_6149AKe0mCBXKg==/1420569024374784.jpg","accountStatus":0,"gender":1,"city":110101,"birthday":-2209017600000,"userId":1,"userType":3,"nickname":"网易云音乐","signature":"欢迎使用网易云音乐，有任何问题可以联系@云音乐客服， 我们会尽快答复。有关独立音乐人和独立厂牌请站内私信@原创君，DJ入驻联系邮箱： yunmusic@163.com","description":"网易云音乐官方账号","detailDescription":"网易云音乐官方账号","avatarImgId":1420569024374784,"backgroundImgId":2002210674180202,"backgroundUrl":"http://p1.music.126.net/pmHS4fcQtcNEGewNb5HRhg==/2002210674180202.jpg","authority":3,"mutual":false,"expertTags":null,"experts":null,"djStatus":10,"vipType":10,"remarkName":null,"avatarImgIdStr":"1420569024374784","backgroundImgIdStr":"2002210674180202"},"tracks":[{"name":"Look What You Made Me Do","id":501133611,"pst":0,"t":0,"ar":[{"id":44266,"name":"Taylor Swift","tns":[],"alias":[]}],"alia":[],"pop":100.0,"st":0,"rt":null,"fee":8,"v":39,"crbt":null,"cf":"","al":{"id":36037175,"name":"Look What You Made Me Do","picUrl":"http://p1.music.126.net/1ixwImBKvs1AfoEPvV_QPg==/109951163011108006.jpg","tns":[],"pic_str":"109951163011108006","pic":109951163011108006},"dt":211859,"h":{"br":320000,"fid":0,"size":8477301,"vd":-2.0},"m":{"br":192000,"fid":0,"size":5086398,"vd":-2.0},"l":{"br":128000,"fid":0,"size":3390946,"vd":-1.0},"a":null,"cd":"1","no":1,"rtUrl":null,"ftype":0,"rtUrls":[],"djId":0,"copyright":0,"s_id":0,"rtype":0,"rurl":null,"mst":9,"cp":7003,"mv":5647227},{"name":"What Lovers Do","id":502448541,"pst":0,"t":0,"ar":[{"id":96266,"name":"Maroon 5","tns":[],"alias":[]},{"id":905232,"name":"SZA","tns":[],"alias":[]}],"alia":[],"pop":100.0,"st":0,"rt":null,"fee":8,"v":15,"crbt":null,"cf":"","al":{"id":36039537,"name":"What Lovers Do","picUrl":"http://p1.music.126.net/pL-04aK6A3anDPPg1HFiaA==/18262888137922406.jpg","tns":[],"pic_str":"18262888137922406","pic":18262888137922406},"dt":199849,"h":{"br":320000,"fid":0,"size":7996648,"vd":-2.0},"m":{"br":192000,"fid":0,"size":4798006,"vd":-1.0},"l":{"br":128000,"fid":0,"size":3198685,"vd":-1.0},"a":null,"cd":"1","no":1,"rtUrl":null,"ftype":0,"rtUrls":[],"djId":0,"copyright":1,"s_id":0,"rtype":0,"rurl":null,"mst":9,"cp":7003,"mv":0},{"name":"Friends","id":499274178,"pst":0,"t":0,"ar":[{"id":35531,"name":"Justin Bieber","tns":[],"alias":[]},{"id":12567543,"name":"BloodPop","tns":[],"alias":[]}],"alia":[],"pop":100.0,"st":0,"rt":null,"fee":8,"v":21,"crbt":null,"cf":"","al":{"id":35951159,"name":"Friends","picUrl":"http://p1.music.126.net/LVmBVwRmzKJ92ssNZyZEWQ==/18811544441628957.jpg","tns":[],"pic_str":"18811544441628957","pic":18811544441628957},"dt":189466,"h":{"br":320000,"fid":0,"size":7581823,"vd":-2.0},"m":{"br":192000,"fid":0,"size":4549111,"vd":-1.0},"l":{"br":128000,"fid":0,"size":3032755,"vd":-1.0},"a":null,"cd":"1","no":1,"rtUrl":null,"ftype":0,"rtUrls":[],"djId":0,"copyright":2,"s_id":0,"rtype":0,"rurl":null,"mst":9,"cp":7003,"mv":5628019},{"name":"带你去旅行","id":496870798,"pst":0,"t":0,"ar":[{"id":12371384,"name":"校长","tns":[],"alias":[]}],"alia":[],"pop":100.0,"st":0,"rt":null,"fee":0,"v":4,"crbt":null,"cf":"","al":{"id":35909419,"name":"带你去旅行","picUrl":"http://p1.music.126.net/Y1M_jMalH6bWa6OydUeU2A==/18555358232355277.jpg","tns":[],"pic_str":"18555358232355277","pic":18555358232355277},"dt":225789,"h":{"br":320000,"fid":0,"size":9034231,"vd":-1.0},"m":{"br":192000,"fid":0,"size":5420556,"vd":0.0},"l":{"br":128000,"fid":0,"size":3613719,"vd":0.0},"a":null,"cd":"","no":1,"rtUrl":null,"ftype":0,"rtUrls":[],"djId":0,"copyright":0,"s_id":0,"rtype":0,"rurl":null,"mst":9,"cp":30002,"mv":0},{"name":"欧皇","id":495220123,"pst":0,"t":0,"ar":[{"id":12408182,"name":"薛明媛","tns":[],"alias":[]}],"alia":[],"pop":100.0,"st":0,"rt":null,"fee":0,"v":14,"crbt":null,"cf":"","al":{"id":35877047,"name":"欧皇","picUrl":"http://p1.music.126.net/8Vj3nV4xAtoxPhSePVv9Jw==/18687299627678502.jpg","tns":[],"pic_str":"18687299627678502","pic":18687299627678502},"dt":151578,"h":{"br":320000,"fid":0,"size":6065676,"vd":0.0},"m":{"br":192000,"fid":0,"size":3639423,"vd":0.0},"l":{"br":128000,"fid":0,"size":2426297,"vd":0.0},"a":null,"cd":"","no":1,"rtUrl":null,"ftype":0,"rtUrls":[],"djId":0,"copyright":2,"s_id":0,"rtype":0,"rurl":null,"mst":9,"cp":30002,"mv":0},{"name":"Almost Home","id":501220106,"pst":0,"t":0,"ar":[{"id":1079074,"name":"余佳运","tns":[],"alias":[]},{"id":784257,"name":"Jony J","tns":[],"alias":[]}],"alia":[],"pop":100.0,"st":0,"rt":null,"fee":0,"v":7,"crbt":null,"cf":"","al":{"id":36031309,"name":"Almost Home","picUrl":"http://p1.music.126.net/Ry2hYBoKLVrRb8YNp_Djug==/109951163011060144.jpg","tns":[],"pic_str":"109951163011060144","pic":109951163011060144},"dt":215798,"h":{"br":320000,"fid":0,"size":8635080,"vd":0.0},"m":{"br":192000,"fid":0,"size":5181066,"vd":0.0},"l":{"br":128000,"fid":0,"size":3454058,"vd":0.0},"a":null,"cd":"","no":1,"rtUrl":null,"ftype":0,"rtUrls":[],"djId":0,"copyright":0,"s_id":0,"rtype":0,"rurl":null,"mst":9,"cp":563020,"mv":0},{"name":"打上花火","id":496869422,"pst":0,"t":0,"ar":[{"id":855508,"name":"DAOKO","tns":[],"alias":[]},{"id":159300,"name":"米津玄師","tns":[],"alias":[]}],"alia":["动画剧场《升空的焰火，从下面看还是从侧面看?》主题曲"],"pop":100.0,"st":0,"rt":null,"fee":0,"v":42,"crbt":null,"cf":"","al":{"id":35864443,"name":"打上花火","picUrl":"http://p1.music.126.net/ZUCE_1Tl_hkbtamKmSNXEg==/109951163009282836.jpg","tns":[],"pic_str":"109951163009282836","pic":109951163009282836},"dt":289334,"h":{"br":320000,"fid":0,"size":11576468,"vd":-3.0},"m":{"br":192000,"fid":0,"size":6945898,"vd":-3.0},"l":{"br":128000,"fid":0,"size":4630613,"vd":-3.0},"a":null,"cd":"1","no":1,"rtUrl":null,"ftype":0,"rtUrls":[],"djId":0,"copyright":2,"s_id":0,"rtype":0,"rurl":null,"mst":9,"cp":0,"mv":5622072},{"name":"纯白（feat.V.K克 x 双笙）","id":499274374,"pst":0,"t":0,"ar":[{"id":12025552,"name":"双笙","tns":[],"alias":[]},{"id":5342,"name":"V.K克","tns":[],"alias":[]}],"alia":[],"pop":100.0,"st":0,"rt":null,"fee":0,"v":14,"crbt":null,"cf":"","al":{"id":35975119,"name":"纯白（feat.V.K克 x 双笙）","picUrl":"http://p1.music.126.net/uNV6L4oOKP3suDHqnZGclQ==/19147994998024092.jpg","tns":[],"pic_str":"19147994998024092","pic":19147994998024092},"dt":311268,"h":{"br":320000,"fid":0,"size":12453138,"vd":-1.0},"m":{"br":192000,"fid":0,"size":7471900,"vd":-1.0},"l":{"br":128000,"fid":0,"size":4981281,"vd":-1.0},"a":null,"cd":"","no":1,"rtUrl":null,"ftype":0,"rtUrls":[],"djId":0,"copyright":2,"s_id":0,"rtype":0,"rurl":null,"mst":9,"cp":558010,"mv":0},{"name":"忘不掉","id":501220059,"pst":0,"t":0,"ar":[{"id":9282,"name":"孙俪","tns":[],"alias":[]}],"alia":["电视剧《那年花开月正圆》片头曲"],"pop":100.0,"st":0,"rt":null,"fee":8,"v":10,"crbt":null,"cf":"","al":{"id":36031301,"name":"忘不掉","picUrl":"http://p1.music.126.net/gqXssOdsH2cirwwHyTfkxQ==/109951163012717243.jpg","tns":[],"pic_str":"109951163012717243","pic":109951163012717243},"dt":255165,"h":{"br":320000,"fid":0,"size":10209742,"vd":-2.0},"m":{"br":192000,"fid":0,"size":6125862,"vd":-1.0},"l":{"br":128000,"fid":0,"size":4083923,"vd":-1.0},"a":null,"cd":"","no":0,"rtUrl":null,"ftype":0,"rtUrls":[],"djId":0,"copyright":0,"s_id":0,"rtype":0,"rurl":null,"mst":9,"cp":481010,"mv":0},{"name":"你看得见","id":501220404,"pst":0,"t":0,"ar":[{"id":784257,"name":"Jony J","tns":[],"alias":[]}],"alia":[],"pop":100.0,"st":0,"rt":null,"fee":0,"v":4,"crbt":null,"cf":"","al":{"id":36030405,"name":"你看得见","picUrl":"http://p1.music.126.net/Zfs-Zp__52ltiN7PQ0IHjA==/109951163011283921.jpg","tns":[],"pic_str":"109951163011283921","pic":109951163011283921},"dt":167307,"h":{"br":320000,"fid":0,"size":6694705,"vd":0.0},"m":{"br":192000,"fid":0,"size":4016840,"vd":0.0},"l":{"br":128000,"fid":0,"size":2677908,"vd":0.0},"a":null,"cd":"","no":0,"rtUrl":null,"ftype":0,"rtUrls":[],"djId":0,"copyright":2,"s_id":0,"rtype":0,"rurl":null,"mst":9,"cp":538011,"mv":0},{"name":"TALKING SHIT FREESTYLE","id":498692941,"pst":0,"t":0,"ar":[{"id":1049144,"name":"红花会","tns":[],"alias":[]},{"id":12550043,"name":"红花会贝贝","tns":[],"alias":[]}],"alia":[],"pop":100.0,"st":0,"rt":null,"fee":0,"v":11,"crbt":null,"cf":"","al":{"id":35945467,"name":"TALKING SHIT FREESTYLE","picUrl":"http://p1.music.126.net/m9VpQ3DtL6EeS8OCvIX4_A==/109951163003103870.jpg","tns":[],"pic_str":"109951163003103870","pic":109951163003103870},"dt":143208,"h":{"br":320000,"fid":0,"size":5731309,"vd":0.0},"m":{"br":192000,"fid":0,"size":3438803,"vd":0.0},"l":{"br":128000,"fid":0,"size":2292550,"vd":0.0},"a":null,"cd":"","no":1,"rtUrl":null,"ftype":0,"rtUrls":[],"djId":0,"copyright":0,"s_id":0,"rtype":0,"rurl":null,"mst":9,"cp":0,"mv":0},{"name":"你是我最愚蠢的一次浪漫","id":502103677,"pst":0,"t":0,"ar":[{"id":1050282,"name":"房东的猫","tns":[],"alias":[]}],"alia":[],"pop":100.0,"st":0,"rt":null,"fee":8,"v":14,"crbt":null,"cf":"","al":{"id":36052866,"name":"你是我最愚蠢的一次浪漫","picUrl":"http://p1.music.126.net/6dQFBfbesFZIlUOaCjOJ_Q==/109951163013306306.jpg","tns":[],"pic_str":"109951163013306306","pic":109951163013306306},"dt":212465,"h":{"br":320000,"fid":0,"size":8501333,"vd":-2.0},"m":{"br":192000,"fid":0,"size":5100817,"vd":-2.0},"l":{"br":128000,"fid":0,"size":3400559,"vd":-2.0},"a":null,"cd":"","no":1,"rtUrl":null,"ftype":0,"rtUrls":[],"djId":0,"copyright":0,"s_id":0,"rtype":0,"rurl":null,"mst":9,"cp":0,"mv":0},{"name":"爱上你的好天气","id":487375542,"pst":0,"t":0,"ar":[{"id":12487185,"name":"谭松韵","tns":[],"alias":[]},{"id":12054395,"name":"熊梓淇","tns":[],"alias":[]}],"alia":["电视剧《浪花一朵朵》主题曲"],"pop":100.0,"st":0,"rt":null,"fee":0,"v":45,"crbt":null,"cf":"","al":{"id":35864109,"name":"浪花一朵朵 电视剧原声带","picUrl":"http://p1.music.126.net/CuhpU4J9M-om6Jrf9Qc9dA==/19091919905024839.jpg","tns":[],"pic_str":"19091919905024839","pic":19091919905024839},"dt":206626,"h":{"br":320000,"fid":0,"size":8267276,"vd":-1.0},"m":{"br":192000,"fid":0,"size":4960383,"vd":0.0},"l":{"br":128000,"fid":0,"size":3306937,"vd":0.0},"a":null,"cd":"1","no":3,"rtUrl":null,"ftype":0,"rtUrls":[],"djId":0,"copyright":2,"s_id":0,"rtype":0,"rurl":null,"mst":9,"cp":468011,"mv":5581158},{"name":"Without You","id":496869523,"pst":0,"t":0,"ar":[{"id":45236,"name":"Avicii","tns":[],"alias":[]},{"id":12323230,"name":"Sandro Cavazza","tns":[],"alias":[]}],"alia":[],"pop":100.0,"st":0,"rt":null,"fee":8,"v":10,"crbt":null,"cf":"","al":{"id":35919060,"name":"AVĪCI (01)","picUrl":"http://p1.music.126.net/jkmwhYe2k0oONjJr0WWCmg==/18776360069542158.jpg","tns":[],"pic_str":"18776360069542158","pic":18776360069542158},"dt":181672,"h":{"br":320000,"fid":0,"size":7269399,"vd":-2.0},"m":{"br":192000,"fid":0,"size":4361657,"vd":-2.0},"l":{"br":128000,"fid":0,"size":2907786,"vd":-2.0},"a":null,"cd":"1","no":4,"rtUrl":null,"ftype":0,"rtUrls":[],"djId":0,"copyright":0,"s_id":0,"rtype":0,"rurl":null,"mst":9,"cp":7003,"mv":5647230},{"name":"裙姊","id":493631465,"pst":0,"t":0,"ar":[{"id":4292,"name":"李荣浩","tns":[],"alias":[]}],"alia":[],"pop":100.0,"st":0,"rt":null,"fee":8,"v":15,"crbt":null,"cf":"","al":{"id":35845270,"name":"裙姊","picUrl":"http://p1.music.126.net/eutjKQdep-vOyv0d8EC1bw==/18192519393741318.jpg","tns":[],"pic_str":"18192519393741318","pic":18192519393741318},"dt":211487,"h":{"br":320000,"fid":0,"size":8460582,"vd":-2.0},"m":{"br":192000,"fid":0,"size":5076367,"vd":-1.0},"l":{"br":128000,"fid":0,"size":3384259,"vd":-1.0},"a":null,"cd":"1","no":1,"rtUrl":null,"ftype":0,"rtUrls":[],"djId":0,"copyright":0,"s_id":0,"rtype":0,"rurl":null,"mst":9,"cp":7002,"mv":5618093},{"name":"时光之墟","id":500686329,"pst":0,"t":0,"ar":[{"id":12000097,"name":"许魏洲","tns":[],"alias":[]}],"alia":["电影《极致追击》主题曲"],"pop":100.0,"st":0,"rt":null,"fee":0,"v":8,"crbt":null,"cf":"","al":{"id":36030102,"name":"时光之墟","picUrl":"http://p1.music.126.net/IPW-s6awiNMtgpIhJEqVEw==/109951163010104902.jpg","tns":[],"pic_str":"109951163010104902","pic":109951163010104902},"dt":184998,"h":{"br":320000,"fid":0,"size":7402101,"vd":-1.0},"m":{"br":192000,"fid":0,"size":4441278,"vd":-1.0},"l":{"br":128000,"fid":0,"size":2960866,"vd":-1.0},"a":null,"cd":"","no":0,"rtUrl":null,"ftype":0,"rtUrls":[],"djId":0,"copyright":0,"s_id":0,"rtype":0,"rurl":null,"mst":9,"cp":417014,"mv":5619345},{"name":"敢爱的冲动","id":494410412,"pst":0,"t":0,"ar":[{"id":1132686,"name":"徐云霄","tns":[],"alias":[]}],"alia":["电视剧《浪花一朵朵》片尾曲"],"pop":100.0,"st":0,"rt":null,"fee":0,"v":45,"crbt":null,"cf":"","al":{"id":35864109,"name":"浪花一朵朵 电视剧原声带","picUrl":"http://p1.music.126.net/CuhpU4J9M-om6Jrf9Qc9dA==/19091919905024839.jpg","tns":[],"pic_str":"19091919905024839","pic":19091919905024839},"dt":336813,"h":{"br":320000,"fid":0,"size":13475048,"vd":-3.0},"m":{"br":192000,"fid":0,"size":8085046,"vd":-3.0},"l":{"br":128000,"fid":0,"size":5390045,"vd":-3.0},"a":null,"cd":"1","no":2,"rtUrl":null,"ftype":0,"rtUrls":[],"djId":0,"copyright":2,"s_id":0,"rtype":0,"rurl":null,"mst":9,"cp":468011,"mv":5611859},{"name":"EVERYDAY","id":500684014,"pst":0,"t":0,"ar":[{"id":12493701,"name":"Bridge","tns":[],"alias":[]},{"id":12493703,"name":"K ELEVEN","tns":[],"alias":[]}],"alia":[],"pop":100.0,"st":0,"rt":null,"fee":8,"v":16,"crbt":null,"cf":"","al":{"id":36029017,"name":"EVERYDAY","picUrl":"http://p1.music.126.net/xEsoBw7qi08SyCy6t_bnbQ==/109951163008456566.jpg","tns":[],"pic_str":"109951163008456566","pic":109951163008456566},"dt":192631,"h":{"br":320000,"fid":0,"size":7708256,"vd":-2.0},"m":{"br":192000,"fid":0,"size":4624971,"vd":-1.0},"l":{"br":128000,"fid":0,"size":3083328,"vd":-1.0},"a":null,"cd":"","no":0,"rtUrl":null,"ftype":0,"rtUrls":[],"djId":0,"copyright":0,"s_id":0,"rtype":0,"rurl":null,"mst":9,"cp":564011,"mv":5619229},{"name":"张大仙你是妖怪吧","id":496871005,"pst":0,"t":0,"ar":[{"id":1142042,"name":"徐梦圆","tns":[],"alias":[]}],"alia":[],"pop":100.0,"st":0,"rt":null,"fee":8,"v":6,"crbt":null,"cf":"","al":{"id":35908449,"name":"张大仙你是妖怪吧","picUrl":"http://p1.music.126.net/DNa23ANbK_-q2oCxCoNSCg==/19174383277072769.jpg","tns":[],"pic_str":"19174383277072769","pic":19174383277072769},"dt":217519,"h":{"br":320000,"fid":0,"size":8702999,"vd":-3.0},"m":{"br":192000,"fid":0,"size":5221817,"vd":-2.0},"l":{"br":128000,"fid":0,"size":3481226,"vd":-2.0},"a":null,"cd":"","no":0,"rtUrl":null,"ftype":0,"rtUrls":[],"djId":0,"copyright":0,"s_id":0,"rtype":0,"rurl":null,"mst":9,"cp":0,"mv":0},{"name":"【取经计划·原创】新·九九八十一（官方优化版）","id":498942717,"pst":0,"t":0,"ar":[{"id":1047282,"name":"泠鸢yousa","tns":[],"alias":[]}],"alia":[],"pop":100.0,"st":0,"rt":null,"fee":0,"v":9,"crbt":null,"cf":"","al":{"id":35956191,"name":"【九九八十一取经计划】新·九九八十一","picUrl":"http://p1.music.126.net/k8Fxa118GP34K0VTGKWaDg==/109951163003648209.jpg","tns":[],"pic_str":"109951163003648209","pic":109951163003648209},"dt":210000,"h":{"br":320000,"fid":0,"size":8403113,"vd":-3.0},"m":{"br":192000,"fid":0,"size":5041885,"vd":-3.0},"l":{"br":128000,"fid":0,"size":3361271,"vd":-3.0},"a":null,"cd":"","no":1,"rtUrl":null,"ftype":0,"rtUrls":[],"djId":0,"copyright":0,"s_id":0,"rtype":0,"rurl":null,"mst":9,"cp":0,"mv":0},{"name":"五险一金","id":498354459,"pst":0,"t":0,"ar":[{"id":1008034,"name":"鬼卞","tns":[],"alias":[]}],"alia":[],"pop":100.0,"st":0,"rt":null,"fee":0,"v":12,"crbt":null,"cf":"","al":{"id":35939488,"name":"五险一金","picUrl":"http://p1.music.126.net/oQRP0QCYWSINv_m5JEgEUg==/109951163002251559.jpg","tns":[],"pic_str":"109951163002251559","pic":109951163002251559},"dt":249858,"h":{"br":320000,"fid":0,"size":10004942,"vd":-2.0},"m":{"br":192000,"fid":0,"size":6002982,"vd":-1.0},"l":{"br":128000,"fid":0,"size":4002003,"vd":-1.0},"a":null,"cd":"","no":1,"rtUrl":null,"ftype":0,"rtUrls":[],"djId":0,"copyright":0,"s_id":0,"rtype":0,"rurl":null,"mst":9,"cp":0,"mv":0},{"name":"等下一个他","id":496620009,"pst":0,"t":0,"ar":[{"id":12472506,"name":"习谱予","tns":[],"alias":[]}],"alia":[],"pop":100.0,"st":0,"rt":null,"fee":0,"v":4,"crbt":null,"cf":"","al":{"id":35908203,"name":"等下一个他","picUrl":"http://p1.music.126.net/6Gsu2fdnXJGv6UU1o9Rp4A==/19165587184049207.jpg","tns":[],"pic_str":"19165587184049207","pic":19165587184049207},"dt":222551,"h":{"br":320000,"fid":0,"size":8904664,"vd":0.0},"m":{"br":192000,"fid":0,"size":5342816,"vd":0.0},"l":{"br":128000,"fid":0,"size":3561892,"vd":0.0},"a":null,"cd":"","no":0,"rtUrl":null,"ftype":0,"rtUrls":[],"djId":0,"copyright":0,"s_id":0,"rtype":0,"rurl":null,"mst":9,"cp":534013,"mv":0},{"name":"我们的时光","id":496902797,"pst":0,"t":0,"ar":[{"id":827728,"name":"TFBOYS","tns":[],"alias":[]}],"alia":[],"pop":100.0,"st":0,"rt":null,"fee":8,"v":7,"crbt":null,"cf":"","al":{"id":35919078,"name":"我们的时光","picUrl":"http://p1.music.126.net/D-F0kPi6E5T-V9-a_sP6yg==/18625726976517041.jpg","tns":[],"pic_str":"18625726976517041","pic":18625726976517041},"dt":229961,"h":{"br":320000,"fid":0,"size":9201415,"vd":-5.0},"m":{"br":192000,"fid":0,"size":5520866,"vd":-4.0},"l":{"br":128000,"fid":0,"size":3680592,"vd":-4.0},"a":null,"cd":"1","no":1,"rtUrl":null,"ftype":0,"rtUrls":[],"djId":0,"copyright":0,"s_id":0,"rtype":0,"rurl":null,"mst":9,"cp":379011,"mv":0},{"name":"Don't worry","id":501967788,"pst":0,"t":0,"ar":[{"id":1049144,"name":"红花会","tns":[],"alias":[]},{"id":0,"name":"AZ啊之","tns":[],"alias":[]}],"alia":[],"pop":100.0,"st":0,"rt":null,"fee":0,"v":9,"crbt":null,"cf":"","al":{"id":36046891,"name":"Don't worry","picUrl":"http://p1.music.126.net/oVFbRYUjD7k5MY5bvHiiNQ==/109951163012922725.jpg","tns":[],"pic_str":"109951163012922725","pic":109951163012922725},"dt":222336,"h":{"br":320000,"fid":0,"size":8896305,"vd":-3.0},"m":{"br":192000,"fid":0,"size":5337800,"vd":-2.0},"l":{"br":128000,"fid":0,"size":3558548,"vd":-2.0},"a":null,"cd":"","no":1,"rtUrl":null,"ftype":0,"rtUrls":[],"djId":0,"copyright":0,"s_id":0,"rtype":0,"rurl":null,"mst":9,"cp":0,"mv":0},{"name":"你猜我猜不猜","id":496298047,"pst":0,"t":0,"ar":[{"id":1211046,"name":"GAI爷","tns":[],"alias":[]},{"id":12493701,"name":"Bridge","tns":[],"alias":[]}],"alia":["电影《心理罪》猜心推广曲"],"pop":100.0,"st":0,"rt":null,"fee":0,"v":20,"crbt":null,"cf":"","al":{"id":35896025,"name":"你猜我猜不猜","picUrl":"http://p1.music.126.net/ousBrK9Gq6sLAcsWS92iPw==/19198572532880139.jpg","tns":[],"pic_str":"19198572532880139","pic":19198572532880139},"dt":201399,"h":{"br":320000,"fid":0,"size":8058297,"vd":-2.0},"m":{"br":192000,"fid":0,"size":4834995,"vd":-2.0},"l":{"br":128000,"fid":0,"size":3223345,"vd":-2.0},"a":null,"cd":"","no":0,"rtUrl":null,"ftype":0,"rtUrls":[],"djId":0,"copyright":0,"s_id":0,"rtype":0,"rurl":null,"mst":9,"cp":488010,"mv":0},{"name":"就这样大声呐喊吧","id":493041219,"pst":0,"t":0,"ar":[{"id":12054395,"name":"熊梓淇","tns":[],"alias":[]}],"alia":["电视剧《浪花一朵朵》片头曲"],"pop":100.0,"st":0,"rt":null,"fee":0,"v":20,"crbt":null,"cf":"","al":{"id":35864109,"name":"浪花一朵朵 电视剧原声带","picUrl":"http://p1.music.126.net/CuhpU4J9M-om6Jrf9Qc9dA==/19091919905024839.jpg","tns":[],"pic_str":"19091919905024839","pic":19091919905024839},"dt":222946,"h":{"br":320000,"fid":0,"size":8920338,"vd":-3.0},"m":{"br":192000,"fid":0,"size":5352220,"vd":-2.0},"l":{"br":128000,"fid":0,"size":3568161,"vd":-2.0},"a":null,"cd":"1","no":1,"rtUrl":null,"ftype":0,"rtUrls":[],"djId":0,"copyright":2,"s_id":0,"rtype":0,"rurl":null,"mst":9,"cp":468011,"mv":0},{"name":"NICE VIEW","id":500686525,"pst":0,"t":0,"ar":[{"id":188141,"name":"满舒克","tns":[],"alias":[]},{"id":0,"name":"K9999","tns":[],"alias":[]}],"alia":[],"pop":100.0,"st":0,"rt":null,"fee":0,"v":4,"crbt":null,"cf":"","al":{"id":36031144,"name":"NICE VIEW","picUrl":"http://p1.music.126.net/d2bvfol06TjCqvhbEeQaeA==/109951163009731547.jpg","tns":[],"pic_str":"109951163009731547","pic":109951163009731547},"dt":247105,"h":{"br":320000,"fid":0,"size":9886868,"vd":-1.0},"m":{"br":192000,"fid":0,"size":5932138,"vd":-1.0},"l":{"br":128000,"fid":0,"size":3954773,"vd":-1.0},"a":null,"cd":"1","no":1,"rtUrl":null,"ftype":0,"rtUrls":[],"djId":0,"copyright":0,"s_id":0,"rtype":0,"rurl":null,"mst":9,"cp":22020,"mv":0},{"name":"雾都历","id":488569652,"pst":0,"t":0,"ar":[{"id":12493701,"name":"Bridge","tns":[],"alias":[]}],"alia":[],"pop":100.0,"st":0,"rt":null,"fee":0,"v":28,"crbt":null,"cf":"","al":{"id":35701511,"name":"雾都历","picUrl":"http://p1.music.126.net/dQeI4xBeQGZORIHl-yo4GQ==/109951162966471533.jpg","tns":[],"pic_str":"109951162966471533","pic":109951162966471533},"dt":127080,"h":{"br":320000,"fid":0,"size":5085562,"vd":-1.0},"m":{"br":192000,"fid":0,"size":3051355,"vd":0.0},"l":{"br":128000,"fid":0,"size":2034251,"vd":0.0},"a":null,"cd":"","no":1,"rtUrl":null,"ftype":0,"rtUrls":[],"djId":0,"copyright":0,"s_id":0,"rtype":0,"rurl":null,"mst":9,"cp":0,"mv":0},{"name":"记录","id":502238394,"pst":0,"t":0,"ar":[{"id":12199576,"name":"小青龙","tns":[],"alias":[]},{"id":1089111,"name":"孙八一","tns":[],"alias":[]}],"alia":[],"pop":100.0,"st":0,"rt":null,"fee":0,"v":4,"crbt":null,"cf":"","al":{"id":36030696,"name":"记录","picUrl":"http://p1.music.126.net/0uLl9_rLRco0OxdQTyCLtQ==/109951163014470332.jpg","tns":[],"pic_str":"109951163014470332","pic":109951163014470332},"dt":185575,"h":{"br":320000,"fid":0,"size":7426133,"vd":-2.0},"m":{"br":192000,"fid":0,"size":4455697,"vd":-1.0},"l":{"br":128000,"fid":0,"size":2970479,"vd":-1.0},"a":null,"cd":"","no":0,"rtUrl":null,"ftype":0,"rtUrls":[],"djId":0,"copyright":0,"s_id":0,"rtype":0,"rurl":null,"mst":9,"cp":563026,"mv":5619351},{"name":"Pizza","id":501220051,"pst":0,"t":0,"ar":[{"id":780003,"name":"Martin Garrix","tns":[],"alias":[]}],"alia":[],"pop":100.0,"st":0,"rt":null,"fee":8,"v":12,"crbt":null,"cf":"","al":{"id":36031298,"name":"Pizza","picUrl":"http://p1.music.126.net/t7Xf1IhpEJYC8ZaF5EYdnw==/17767008393666187.jpg","tns":[],"pic_str":"17767008393666187","pic":17767008393666187},"dt":254876,"h":{"br":320000,"fid":0,"size":10196158,"vd":0.0},"m":{"br":192000,"fid":0,"size":6117712,"vd":0.0},"l":{"br":128000,"fid":0,"size":4078489,"vd":0.0},"a":null,"cd":"1","no":1,"rtUrl":null,"ftype":0,"rtUrls":[],"djId":0,"copyright":0,"s_id":0,"rtype":0,"rurl":null,"mst":9,"cp":7001,"mv":5646208},{"name":"推开世界的门","id":500410109,"pst":0,"t":0,"ar":[{"id":12488022,"name":"黄榕生","tns":[],"alias":[]}],"alia":["原唱：杨乃文"],"pop":100.0,"st":0,"rt":null,"fee":0,"v":6,"crbt":null,"cf":"","al":{"id":36016058,"name":"2017快乐男声个人抢冠赛 6进5","picUrl":"http://p1.music.126.net/PNMq0iypxEeHPhJFUnhQZA==/109951163007879949.jpg","tns":[],"pic_str":"109951163007879949","pic":109951163007879949},"dt":215264,"h":{"br":320000,"fid":0,"size":8613138,"vd":-1.0},"m":{"br":192000,"fid":0,"size":5167900,"vd":-1.0},"l":{"br":128000,"fid":0,"size":3445281,"vd":-1.0},"a":null,"cd":"","no":6,"rtUrl":null,"ftype":0,"rtUrls":[],"djId":0,"copyright":0,"s_id":0,"rtype":0,"rurl":null,"mst":9,"cp":386012,"mv":0},{"name":"谁来剪月光","id":493283125,"pst":0,"t":0,"ar":[{"id":2116,"name":"陈奕迅","tns":[],"alias":[]}],"alia":[],"pop":100.0,"st":0,"rt":null,"fee":4,"v":29,"crbt":null,"cf":"","al":{"id":35835294,"name":"海胆&谁来剪月光","picUrl":"http://p1.music.126.net/JqbJGCR1rp2SdDyoFmuNRw==/18763165929996756.jpg","tns":[],"pic_str":"18763165929996756","pic":18763165929996756},"dt":212035,"h":{"br":320000,"fid":0,"size":8482525,"vd":0.0},"m":{"br":192000,"fid":0,"size":5089533,"vd":0.0},"l":{"br":128000,"fid":0,"size":3393036,"vd":0.0},"a":null,"cd":"","no":2,"rtUrl":null,"ftype":0,"rtUrls":[],"djId":0,"copyright":2,"s_id":0,"rtype":0,"rurl":null,"mst":9,"cp":7003,"mv":5619021},{"name":"如果我是一首歌","id":500412111,"pst":0,"t":0,"ar":[{"id":7409,"name":"岑宁儿","tns":[],"alias":[]}],"alia":["If I were a song"],"pop":100.0,"st":0,"rt":null,"fee":0,"v":8,"crbt":null,"cf":"","al":{"id":36016057,"name":"如果我是一首歌","picUrl":"http://p1.music.126.net/lL-u62DHHJsx2f0bJzvn7Q==/109951163007857796.jpg","tns":[],"pic_str":"109951163007857796","pic":109951163007857796},"dt":223125,"h":{"br":320000,"fid":0,"size":8927652,"vd":-3.0},"m":{"br":192000,"fid":0,"size":5356609,"vd":-2.0},"l":{"br":128000,"fid":0,"size":3571087,"vd":-2.0},"a":null,"cd":"","no":0,"rtUrl":null,"ftype":0,"rtUrls":[],"djId":0,"copyright":0,"s_id":0,"rtype":0,"rurl":null,"mst":9,"cp":36016,"mv":5619242},{"name":"Lonely Together","id":496869520,"pst":0,"t":0,"ar":[{"id":45236,"name":"Avicii","tns":[],"alias":[]},{"id":74575,"name":"Rita Ora","tns":[],"alias":[]}],"alia":[],"pop":100.0,"st":0,"rt":null,"fee":8,"v":8,"crbt":null,"cf":"","al":{"id":35919060,"name":"AVĪCI (01)","picUrl":"http://p1.music.126.net/jkmwhYe2k0oONjJr0WWCmg==/18776360069542158.jpg","tns":[],"pic_str":"18776360069542158","pic":18776360069542158},"dt":181812,"h":{"br":320000,"fid":0,"size":7274623,"vd":-3.0},"m":{"br":192000,"fid":0,"size":4364791,"vd":-3.0},"l":{"br":128000,"fid":0,"size":2909875,"vd":-2.0},"a":null,"cd":"1","no":2,"rtUrl":null,"ftype":0,"rtUrls":[],"djId":0,"copyright":0,"s_id":0,"rtype":0,"rurl":null,"mst":9,"cp":7003,"mv":5646088},{"name":"LOVE ME LOVE ME (Japanese Ver.)","id":502238299,"pst":0,"t":0,"ar":[{"id":976163,"name":"WINNER","tns":[],"alias":[]}],"alia":[],"pop":100.0,"st":0,"rt":null,"fee":8,"v":4,"crbt":null,"cf":"","al":{"id":36030669,"name":"OUR TWENTY FOR (Japanese Ver.) ","picUrl":"http://p1.music.126.net/N32_j0t7FZC6KhbertQupg==/109951163014397999.jpg","tns":[],"pic_str":"109951163014397999","pic":109951163014397999},"dt":217308,"h":{"br":320000,"fid":0,"size":8694640,"vd":-2.0},"m":{"br":192000,"fid":0,"size":5216801,"vd":-1.0},"l":{"br":128000,"fid":0,"size":3477882,"vd":-1.0},"a":null,"cd":"1","no":1,"rtUrl":null,"ftype":0,"rtUrls":[],"djId":0,"copyright":0,"s_id":0,"rtype":0,"rurl":null,"mst":9,"cp":457010,"mv":0},{"name":"America 2 China","id":501214962,"pst":0,"t":0,"ar":[{"id":189873,"name":"南征北战","tns":[],"alias":[]},{"id":12097149,"name":"Raz-B","tns":[],"alias":[]},{"id":41989,"name":"Rick Ross","tns":[],"alias":[]}],"alia":[],"pop":100.0,"st":0,"rt":null,"fee":0,"v":7,"crbt":null,"cf":"","al":{"id":36031540,"name":"America 2 China","picUrl":"http://p1.music.126.net/jQLMnORuVfKdgyoDO5aGog==/109951163013741929.jpg","tns":[],"pic_str":"109951163013741929","pic":109951163013741929},"dt":193846,"h":{"br":320000,"fid":0,"size":7756321,"vd":0.0},"m":{"br":192000,"fid":0,"size":4653810,"vd":0.0},"l":{"br":128000,"fid":0,"size":3102555,"vd":0.0},"a":null,"cd":"","no":0,"rtUrl":null,"ftype":0,"rtUrls":[],"djId":0,"copyright":0,"s_id":0,"rtype":0,"rurl":null,"mst":9,"cp":459011,"mv":0},{"name":"I’m Your Next Girl","id":501220579,"pst":0,"t":0,"ar":[{"id":12001060,"name":"Vinida (万妮达)","tns":[],"alias":[]}],"alia":[],"pop":100.0,"st":0,"rt":null,"fee":0,"v":4,"crbt":null,"cf":"","al":{"id":36031405,"name":"I’m Your Next Girl","picUrl":"http://p1.music.126.net/SxjV4mvGewxLsdR3EGICkQ==/109951163011445211.jpg","tns":[],"pic_str":"109951163011445211","pic":109951163011445211},"dt":258180,"h":{"br":320000,"fid":0,"size":10329905,"vd":0.0},"m":{"br":192000,"fid":0,"size":6197960,"vd":0.0},"l":{"br":128000,"fid":0,"size":4131988,"vd":0.0},"a":null,"cd":"","no":0,"rtUrl":null,"ftype":0,"rtUrls":[],"djId":0,"copyright":0,"s_id":0,"rtype":0,"rurl":null,"mst":9,"cp":22020,"mv":0},{"name":"给大家的歌","id":502238220,"pst":0,"t":0,"ar":[{"id":1195028,"name":"鹿先森乐队","tns":[],"alias":[]}],"alia":[],"pop":0.0,"st":0,"rt":null,"fee":0,"v":12,"crbt":null,"cf":"","al":{"id":36030639,"name":"给大家的歌","picUrl":"http://p1.music.126.net/CKsLiA0ZXE68u1rSQ1COjQ==/109951163014333487.jpg","tns":[],"pic_str":"109951163014333487","pic":109951163014333487},"dt":357693,"h":{"br":320000,"fid":0,"size":14309921,"vd":-3.0},"m":{"br":192000,"fid":0,"size":8585970,"vd":-3.0},"l":{"br":128000,"fid":0,"size":5723995,"vd":-2.0},"a":null,"cd":"","no":1,"rtUrl":null,"ftype":0,"rtUrls":[],"djId":0,"copyright":0,"s_id":0,"rtype":0,"rurl":null,"mst":9,"cp":36016,"mv":0},{"name":"可乐","id":501221008,"pst":0,"t":0,"ar":[{"id":12488022,"name":"黄榕生","tns":[],"alias":[]}],"alia":["原唱：赵紫骅"],"pop":100.0,"st":0,"rt":null,"fee":0,"v":12,"crbt":null,"cf":"","al":{"id":36030587,"name":"2017快乐男声个人抢冠赛 5进4","picUrl":"http://p1.music.126.net/EByVcgVhrOQp04MMvYUm3w==/109951163014169879.jpg","tns":[],"pic_str":"109951163014169879","pic":109951163014169879},"dt":244822,"h":{"br":320000,"fid":0,"size":9795962,"vd":-1.0},"m":{"br":192000,"fid":0,"size":5877595,"vd":-1.0},"l":{"br":128000,"fid":0,"size":3918411,"vd":-1.0},"a":null,"cd":"","no":9,"rtUrl":null,"ftype":0,"rtUrls":[],"djId":0,"copyright":2,"s_id":0,"rtype":0,"rurl":null,"mst":9,"cp":386012,"mv":0},{"name":"未单身","id":498331360,"pst":0,"t":0,"ar":[{"id":7063,"name":"A-Lin","tns":[],"alias":[]}],"alia":[],"pop":100.0,"st":0,"rt":null,"fee":8,"v":26,"crbt":null,"cf":"","al":{"id":35903448,"name":"未单身","picUrl":"http://p1.music.126.net/2ZfdUd7N9pISOvzafczY3g==/18853325881501049.jpg","tns":[],"pic_str":"18853325881501049","pic":18853325881501049},"dt":214151,"h":{"br":320000,"fid":0,"size":8569252,"vd":0.0},"m":{"br":192000,"fid":0,"size":5141569,"vd":0.0},"l":{"br":128000,"fid":0,"size":3427727,"vd":0.0},"a":null,"cd":"1","no":1,"rtUrl":null,"ftype":0,"rtUrls":[],"djId":0,"copyright":0,"s_id":0,"rtype":0,"rurl":null,"mst":9,"cp":7001,"mv":5646120},{"name":"ルビコン","id":494862371,"pst":0,"t":0,"ar":[{"id":12054234,"name":"三月のパンタシア","tns":[],"alias":[]}],"alia":["TV动画《Re:CREATORS》ED2"],"pop":100.0,"st":0,"rt":null,"fee":0,"v":32,"crbt":null,"cf":"","al":{"id":35864441,"name":"ルビコン (初回生産限定盤)","picUrl":"http://p1.music.126.net/Qldz4jjzhw5sDQpkMTCd5Q==/109951163014854913.jpg","tns":[],"pic_str":"109951163014854913","pic":109951163014854913},"dt":237949,"h":{"br":320000,"fid":0,"size":9519064,"vd":-3.0},"m":{"br":192000,"fid":0,"size":5711456,"vd":-3.0},"l":{"br":128000,"fid":0,"size":3807652,"vd":-2.0},"a":null,"cd":"","no":1,"rtUrl":null,"ftype":0,"rtUrls":[],"djId":0,"copyright":2,"s_id":0,"rtype":0,"rurl":null,"mst":9,"cp":0,"mv":5580317},{"name":"Killing Time","id":495220248,"pst":0,"t":0,"ar":[{"id":197248,"name":"R3hab","tns":[],"alias":[]},{"id":2830,"name":"Felix Cartal","tns":[],"alias":[]}],"alia":[],"pop":100.0,"st":0,"rt":null,"fee":0,"v":12,"crbt":null,"cf":"","al":{"id":35877087,"name":"Killing Time","picUrl":"http://p1.music.126.net/A-NkC6UIOLhr6GKBPqUsBw==/18616930883515616.jpg","tns":[],"pic_str":"18616930883515616","pic":18616930883515616},"dt":193175,"h":{"br":320000,"fid":0,"size":7729154,"vd":-1.0},"m":{"br":192000,"fid":0,"size":4637510,"vd":0.0},"l":{"br":128000,"fid":0,"size":3091688,"vd":0.0},"a":null,"cd":"","no":1,"rtUrl":null,"ftype":0,"rtUrls":[],"djId":0,"copyright":0,"s_id":0,"rtype":0,"rurl":null,"mst":9,"cp":0,"mv":5618039},{"name":"Friend of Mine","id":496869519,"pst":0,"t":0,"ar":[{"id":45236,"name":"Avicii","tns":[],"alias":[]},{"id":12279249,"name":"Vargas & Lagola","tns":[],"alias":[]}],"alia":[],"pop":100.0,"st":0,"rt":null,"fee":8,"v":14,"crbt":null,"cf":"","al":{"id":35919060,"name":"AVĪCI (01)","picUrl":"http://p1.music.126.net/jkmwhYe2k0oONjJr0WWCmg==/18776360069542158.jpg","tns":[],"pic_str":"18776360069542158","pic":18776360069542158},"dt":159863,"h":{"br":320000,"fid":0,"size":6396909,"vd":-2.0},"m":{"br":192000,"fid":0,"size":3838163,"vd":-2.0},"l":{"br":128000,"fid":0,"size":2558790,"vd":-2.0},"a":null,"cd":"1","no":1,"rtUrl":null,"ftype":0,"rtUrls":[],"djId":0,"copyright":0,"s_id":0,"rtype":0,"rurl":null,"mst":9,"cp":7003,"mv":5646029},{"name":"不能怕","id":496610439,"pst":0,"t":0,"ar":[{"id":1049144,"name":"红花会","tns":[],"alias":[]},{"id":12523451,"name":"BrAnTB","tns":[],"alias":[]},{"id":0,"name":"啊之AZ","tns":[],"alias":[]}],"alia":[],"pop":100.0,"st":0,"rt":null,"fee":0,"v":11,"crbt":null,"cf":"","al":{"id":35893514,"name":"不能怕","picUrl":"http://p1.music.126.net/lbepTNy134XSReh9xmLcCA==/109951162996575554.jpg","tns":[],"pic_str":"109951162996575554","pic":109951162996575554},"dt":179568,"h":{"br":320000,"fid":0,"size":7185807,"vd":-2.0},"m":{"br":192000,"fid":0,"size":4311502,"vd":-2.0},"l":{"br":128000,"fid":0,"size":2874349,"vd":-1.0},"a":null,"cd":"","no":1,"rtUrl":null,"ftype":0,"rtUrls":[],"djId":0,"copyright":0,"s_id":0,"rtype":0,"rurl":null,"mst":9,"cp":0,"mv":0},{"name":"九重山","id":494858443,"pst":0,"t":0,"ar":[{"id":975482,"name":"燕池","tns":[],"alias":[]}],"alia":["电影《二十二》主题曲"],"pop":100.0,"st":0,"rt":null,"fee":0,"v":14,"crbt":null,"cf":"","al":{"id":35864435,"name":"九重山","picUrl":"http://p1.music.126.net/N8rWtxzUojTH2iE_-Mz_fA==/18818141511414832.jpg","tns":[],"pic_str":"18818141511414832","pic":18818141511414832},"dt":488638,"h":{"br":320000,"fid":0,"size":19547995,"vd":0.0},"m":{"br":192000,"fid":0,"size":11728814,"vd":0.0},"l":{"br":128000,"fid":0,"size":7819224,"vd":0.0},"a":null,"cd":"","no":0,"rtUrl":null,"ftype":0,"rtUrls":[],"djId":0,"copyright":2,"s_id":0,"rtype":0,"rurl":null,"mst":9,"cp":0,"mv":0},{"name":"钱程似锦","id":498555470,"pst":0,"t":0,"ar":[{"id":12001060,"name":"Vinida (万妮达)","tns":[],"alias":[]}],"alia":[],"pop":100.0,"st":0,"rt":null,"fee":0,"v":2,"crbt":null,"cf":"","al":{"id":35951030,"name":"钱程似锦","picUrl":"http://p1.music.126.net/EeCwrp4KqRL5eax_LhpVZw==/19189776439874480.jpg","tns":[],"pic_str":"19189776439874480","pic":19189776439874480},"dt":185081,"h":{"br":320000,"fid":0,"size":7406280,"vd":-1.0},"m":{"br":192000,"fid":0,"size":4443786,"vd":-1.0},"l":{"br":128000,"fid":0,"size":2962538,"vd":-1.0},"a":null,"cd":"","no":0,"rtUrl":null,"ftype":0,"rtUrls":[],"djId":0,"copyright":2,"s_id":0,"rtype":0,"rurl":null,"mst":9,"cp":22020,"mv":0},{"name":"苏幕遮·碧云天","id":496298378,"pst":0,"t":0,"ar":[{"id":12556082,"name":"幻境工场童声合唱团","tns":[],"alias":[]},{"id":3695,"name":"李健","tns":[],"alias":[]}],"alia":[],"pop":100.0,"st":0,"rt":null,"fee":0,"v":8,"crbt":null,"cf":"","al":{"id":35908771,"name":"宋词辑壹","picUrl":"http://p1.music.126.net/FvO2k2sPx0FsUlnaOhVGNA==/19088621370104501.jpg","tns":[],"pic_str":"19088621370104501","pic":19088621370104501},"dt":228784,"h":{"br":320000,"fid":0,"size":9154395,"vd":0.0},"m":{"br":192000,"fid":0,"size":5492654,"vd":0.0},"l":{"br":128000,"fid":0,"size":3661784,"vd":0.0},"a":null,"cd":"","no":1,"rtUrl":null,"ftype":0,"rtUrls":[],"djId":0,"copyright":0,"s_id":0,"rtype":0,"rurl":null,"mst":9,"cp":22036,"mv":0},{"name":"Havana","id":494865824,"pst":0,"t":0,"ar":[{"id":12136039,"name":"Camila Cabello","tns":[],"alias":[]},{"id":287014,"name":"Young Thug","tns":[],"alias":[]}],"alia":[],"pop":100.0,"st":0,"rt":null,"fee":8,"v":20,"crbt":null,"cf":"","al":{"id":35829532,"name":"Havana","picUrl":"http://p1.music.126.net/zUp6BqKPn1lmZINHsVDoew==/18425615858527510.jpg","tns":[],"pic_str":"18425615858527510","pic":18425615858527510},"dt":216896,"h":{"br":320000,"fid":0,"size":8678966,"vd":-1.0},"m":{"br":192000,"fid":0,"size":5207397,"vd":0.0},"l":{"br":128000,"fid":0,"size":3471613,"vd":0.0},"a":null,"cd":"1","no":1,"rtUrl":null,"ftype":0,"rtUrls":[],"djId":0,"copyright":0,"s_id":0,"rtype":0,"rurl":null,"mst":9,"cp":7001,"mv":0},{"name":"Stand Up Again","id":500325027,"pst":0,"t":0,"ar":[{"id":4938,"name":"苏醒","tns":[],"alias":[]},{"id":7907,"name":"何洁","tns":[],"alias":[]}],"alia":[],"pop":100.0,"st":0,"rt":null,"fee":0,"v":6,"crbt":null,"cf":"","al":{"id":36007028,"name":"Stand Up Again","picUrl":"http://p1.music.126.net/pSBvKVOYGFJNa7Pjmvw8sw==/109951163007423091.jpg","tns":[],"pic_str":"109951163007423091","pic":109951163007423091},"dt":347560,"h":{"br":320000,"fid":0,"size":13905546,"vd":-2.0},"m":{"br":192000,"fid":0,"size":8343345,"vd":-2.0},"l":{"br":128000,"fid":0,"size":5562244,"vd":-1.0},"a":null,"cd":"","no":0,"rtUrl":null,"ftype":0,"rtUrls":[],"djId":0,"copyright":0,"s_id":0,"rtype":0,"rurl":null,"mst":9,"cp":530016,"mv":0},{"name":"Papillon","id":501467216,"pst":0,"t":0,"ar":[{"id":1083118,"name":"王嘉尔","tns":[],"alias":[]}],"alia":["巴比龙"],"pop":100.0,"st":0,"rt":null,"fee":0,"v":26,"crbt":null,"cf":"","al":{"id":36037281,"name":"Papillon","picUrl":"http://p1.music.126.net/RdkFwjv73ATKNE2ajwxyog==/109951163013685863.jpg","tns":[],"pic_str":"109951163013685863","pic":109951163013685863},"dt":195036,"h":{"br":320000,"fid":0,"size":7804387,"vd":-4.0},"m":{"br":192000,"fid":0,"size":4682649,"vd":-3.0},"l":{"br":128000,"fid":0,"size":3121781,"vd":-3.0},"a":null,"cd":"1","no":1,"rtUrl":null,"ftype":0,"rtUrls":[],"djId":0,"copyright":0,"s_id":0,"rtype":0,"rurl":null,"mst":9,"cp":456010,"mv":5619326}],"trackIds":[{"id":501133611,"v":39},{"id":502448541,"v":15},{"id":499274178,"v":21},{"id":496870798,"v":4},{"id":495220123,"v":14},{"id":501220106,"v":7},{"id":496869422,"v":42},{"id":499274374,"v":14},{"id":501220059,"v":10},{"id":501220404,"v":4},{"id":498692941,"v":11},{"id":502103677,"v":14},{"id":487375542,"v":45},{"id":496869523,"v":10},{"id":493631465,"v":15},{"id":500686329,"v":8},{"id":494410412,"v":45},{"id":500684014,"v":16},{"id":496871005,"v":6},{"id":498942717,"v":9},{"id":498354459,"v":12},{"id":496620009,"v":4},{"id":496902797,"v":7},{"id":501967788,"v":9},{"id":496298047,"v":20},{"id":493041219,"v":20},{"id":500686525,"v":4},{"id":488569652,"v":28},{"id":502238394,"v":4},{"id":501220051,"v":12},{"id":500410109,"v":6},{"id":493283125,"v":29},{"id":500412111,"v":8},{"id":496869520,"v":8},{"id":502238299,"v":4},{"id":501214962,"v":7},{"id":501220579,"v":4},{"id":502238220,"v":12},{"id":501221008,"v":12},{"id":498331360,"v":26},{"id":494862371,"v":32},{"id":495220248,"v":12},{"id":496869519,"v":14},{"id":496610439,"v":11},{"id":494858443,"v":14},{"id":498555470,"v":2},{"id":496298378,"v":8},{"id":494865824,"v":20},{"id":500325027,"v":6},{"id":501467216,"v":26}],"coverImgUrl":"http://p1.music.126.net/WBO9ctOR9gpVYxmC51vczw==/19208468137575293.jpg","cloudTrackCount":0,"status":0,"adType":0,"trackNumberUpdateTime":1504244787905,"subscribedCount":2547,"description":"2017年8月全站热度最高的50首新歌，歌单数据综合参考了2017年8月云音乐所有最新上架歌曲在全站的平均播放及收藏排行。（注：曲目均为8月第一次上架新歌，已排除新发行正式专辑中收录的部分8月前已上线歌曲）","ordered":true,"tags":["流行","榜单"],"specialType":0,"userId":1,"updateTime":1504244787905,"commentThreadId":"A_PL_0_902546671","trackCount":50,"playCount":568027,"coverImgId":19208468137575293,"createTime":1504239258611,"newImported":false,"privacy":0,"trackUpdateTime":1504244795412,"highQuality":false,"name":"2017年八月最热新歌TOP50","id":902546671,"shareCount":19,"coverImgId_str":"19208468137575293","commentCount":52},"code":200,"privileges":[{"id":501133611,"fee":8,"payed":0,"st":0,"pl":128000,"dl":0,"sp":7,"cp":1,"subp":1,"cs":false,"maxbr":999000,"fl":128000,"toast":false,"flag":0},{"id":502448541,"fee":8,"payed":0,"st":0,"pl":128000,"dl":0,"sp":7,"cp":1,"subp":1,"cs":false,"maxbr":999000,"fl":128000,"toast":false,"flag":0},{"id":499274178,"fee":8,"payed":0,"st":0,"pl":128000,"dl":0,"sp":7,"cp":1,"subp":1,"cs":false,"maxbr":999000,"fl":128000,"toast":false,"flag":0},{"id":496870798,"fee":0,"payed":0,"st":0,"pl":320000,"dl":320000,"sp":7,"cp":1,"subp":1,"cs":false,"maxbr":999000,"fl":320000,"toast":false,"flag":0},{"id":495220123,"fee":0,"payed":0,"st":0,"pl":320000,"dl":320000,"sp":7,"cp":1,"subp":1,"cs":false,"maxbr":999000,"fl":320000,"toast":false,"flag":0},{"id":501220106,"fee":0,"payed":0,"st":0,"pl":320000,"dl":320000,"sp":7,"cp":1,"subp":1,"cs":false,"maxbr":999000,"fl":320000,"toast":false,"flag":0},{"id":496869422,"fee":0,"payed":0,"st":0,"pl":320000,"dl":320000,"sp":7,"cp":1,"subp":1,"cs":false,"maxbr":999000,"fl":320000,"toast":false,"flag":0},{"id":499274374,"fee":0,"payed":0,"st":0,"pl":320000,"dl":320000,"sp":7,"cp":1,"subp":1,"cs":false,"maxbr":999000,"fl":320000,"toast":false,"flag":0},{"id":501220059,"fee":8,"payed":0,"st":0,"pl":128000,"dl":0,"sp":7,"cp":1,"subp":1,"cs":false,"maxbr":999000,"fl":128000,"toast":false,"flag":0},{"id":501220404,"fee":0,"payed":0,"st":0,"pl":320000,"dl":320000,"sp":7,"cp":1,"subp":1,"cs":false,"maxbr":999000,"fl":320000,"toast":false,"flag":0},{"id":498692941,"fee":0,"payed":0,"st":0,"pl":320000,"dl":320000,"sp":7,"cp":1,"subp":1,"cs":false,"maxbr":320000,"fl":320000,"toast":false,"flag":0},{"id":502103677,"fee":8,"payed":0,"st":0,"pl":128000,"dl":0,"sp":7,"cp":1,"subp":1,"cs":false,"maxbr":999000,"fl":128000,"toast":false,"flag":2},{"id":487375542,"fee":0,"payed":0,"st":0,"pl":320000,"dl":320000,"sp":7,"cp":1,"subp":1,"cs":false,"maxbr":999000,"fl":320000,"toast":false,"flag":0},{"id":496869523,"fee":8,"payed":0,"st":0,"pl":128000,"dl":0,"sp":7,"cp":1,"subp":1,"cs":false,"maxbr":999000,"fl":128000,"toast":false,"flag":0},{"id":493631465,"fee":8,"payed":0,"st":0,"pl":128000,"dl":0,"sp":7,"cp":1,"subp":1,"cs":false,"maxbr":320000,"fl":128000,"toast":false,"flag":0},{"id":500686329,"fee":0,"payed":0,"st":0,"pl":320000,"dl":320000,"sp":7,"cp":1,"subp":1,"cs":false,"maxbr":999000,"fl":320000,"toast":false,"flag":0},{"id":494410412,"fee":0,"payed":0,"st":0,"pl":320000,"dl":320000,"sp":7,"cp":1,"subp":1,"cs":false,"maxbr":999000,"fl":320000,"toast":false,"flag":0},{"id":500684014,"fee":8,"payed":0,"st":0,"pl":128000,"dl":0,"sp":7,"cp":1,"subp":1,"cs":false,"maxbr":999000,"fl":128000,"toast":false,"flag":0},{"id":496871005,"fee":8,"payed":0,"st":0,"pl":128000,"dl":0,"sp":7,"cp":1,"subp":1,"cs":false,"maxbr":999000,"fl":128000,"toast":false,"flag":2},{"id":498942717,"fee":0,"payed":0,"st":0,"pl":320000,"dl":320000,"sp":7,"cp":1,"subp":1,"cs":false,"maxbr":999000,"fl":320000,"toast":false,"flag":0},{"id":498354459,"fee":0,"payed":0,"st":0,"pl":320000,"dl":320000,"sp":7,"cp":1,"subp":1,"cs":false,"maxbr":320000,"fl":320000,"toast":false,"flag":2},{"id":496620009,"fee":0,"payed":0,"st":0,"pl":320000,"dl":320000,"sp":7,"cp":1,"subp":1,"cs":false,"maxbr":999000,"fl":320000,"toast":false,"flag":0},{"id":496902797,"fee":8,"payed":0,"st":0,"pl":128000,"dl":0,"sp":7,"cp":1,"subp":1,"cs":false,"maxbr":999000,"fl":128000,"toast":false,"flag":0},{"id":501967788,"fee":0,"payed":0,"st":0,"pl":320000,"dl":320000,"sp":7,"cp":1,"subp":1,"cs":false,"maxbr":320000,"fl":320000,"toast":false,"flag":0},{"id":496298047,"fee":0,"payed":0,"st":0,"pl":320000,"dl":320000,"sp":7,"cp":1,"subp":1,"cs":false,"maxbr":999000,"fl":320000,"toast":false,"flag":0},{"id":493041219,"fee":0,"payed":0,"st":0,"pl":320000,"dl":320000,"sp":7,"cp":1,"subp":1,"cs":false,"maxbr":999000,"fl":320000,"toast":false,"flag":0},{"id":500686525,"fee":0,"payed":0,"st":0,"pl":320000,"dl":320000,"sp":7,"cp":1,"subp":1,"cs":false,"maxbr":999000,"fl":320000,"toast":false,"flag":0},{"id":488569652,"fee":0,"payed":0,"st":0,"pl":320000,"dl":320000,"sp":7,"cp":1,"subp":1,"cs":false,"maxbr":999000,"fl":320000,"toast":false,"flag":0},{"id":502238394,"fee":0,"payed":0,"st":0,"pl":320000,"dl":320000,"sp":7,"cp":1,"subp":1,"cs":false,"maxbr":999000,"fl":320000,"toast":false,"flag":0},{"id":501220051,"fee":8,"payed":0,"st":0,"pl":128000,"dl":0,"sp":7,"cp":1,"subp":1,"cs":false,"maxbr":320000,"fl":128000,"toast":false,"flag":0},{"id":500410109,"fee":0,"payed":0,"st":0,"pl":320000,"dl":320000,"sp":7,"cp":1,"subp":1,"cs":false,"maxbr":999000,"fl":320000,"toast":false,"flag":0},{"id":493283125,"fee":4,"payed":0,"st":0,"pl":0,"dl":0,"sp":0,"cp":0,"subp":0,"cs":false,"maxbr":320000,"fl":0,"toast":false,"flag":0},{"id":500412111,"fee":0,"payed":0,"st":0,"pl":320000,"dl":320000,"sp":7,"cp":1,"subp":1,"cs":false,"maxbr":999000,"fl":320000,"toast":false,"flag":0},{"id":496869520,"fee":8,"payed":0,"st":0,"pl":128000,"dl":0,"sp":7,"cp":1,"subp":1,"cs":false,"maxbr":999000,"fl":128000,"toast":false,"flag":0},{"id":502238299,"fee":8,"payed":0,"st":0,"pl":128000,"dl":0,"sp":7,"cp":1,"subp":1,"cs":false,"maxbr":999000,"fl":128000,"toast":false,"flag":1},{"id":501214962,"fee":0,"payed":0,"st":0,"pl":320000,"dl":320000,"sp":7,"cp":1,"subp":1,"cs":false,"maxbr":999000,"fl":320000,"toast":false,"flag":0},{"id":501220579,"fee":0,"payed":0,"st":0,"pl":320000,"dl":320000,"sp":7,"cp":1,"subp":1,"cs":false,"maxbr":999000,"fl":320000,"toast":false,"flag":0},{"id":502238220,"fee":0,"payed":0,"st":0,"pl":320000,"dl":320000,"sp":7,"cp":1,"subp":1,"cs":false,"maxbr":999000,"fl":320000,"toast":false,"flag":0},{"id":501221008,"fee":0,"payed":0,"st":0,"pl":320000,"dl":320000,"sp":7,"cp":1,"subp":1,"cs":false,"maxbr":999000,"fl":320000,"toast":false,"flag":0},{"id":498331360,"fee":8,"payed":0,"st":0,"pl":128000,"dl":0,"sp":7,"cp":1,"subp":1,"cs":false,"maxbr":999000,"fl":128000,"toast":false,"flag":0},{"id":494862371,"fee":0,"payed":0,"st":0,"pl":320000,"dl":320000,"sp":7,"cp":1,"subp":1,"cs":false,"maxbr":320000,"fl":320000,"toast":false,"flag":0},{"id":495220248,"fee":0,"payed":0,"st":0,"pl":320000,"dl":320000,"sp":7,"cp":1,"subp":1,"cs":false,"maxbr":320000,"fl":320000,"toast":false,"flag":0},{"id":496869519,"fee":8,"payed":0,"st":0,"pl":128000,"dl":0,"sp":7,"cp":1,"subp":1,"cs":false,"maxbr":999000,"fl":128000,"toast":false,"flag":0},{"id":496610439,"fee":0,"payed":0,"st":0,"pl":320000,"dl":320000,"sp":7,"cp":1,"subp":1,"cs":false,"maxbr":320000,"fl":320000,"toast":false,"flag":0},{"id":494858443,"fee":0,"payed":0,"st":0,"pl":320000,"dl":320000,"sp":7,"cp":1,"subp":1,"cs":false,"maxbr":999000,"fl":320000,"toast":false,"flag":0},{"id":498555470,"fee":0,"payed":0,"st":0,"pl":320000,"dl":320000,"sp":7,"cp":1,"subp":1,"cs":false,"maxbr":999000,"fl":320000,"toast":false,"flag":0},{"id":496298378,"fee":0,"payed":0,"st":0,"pl":320000,"dl":320000,"sp":7,"cp":1,"subp":1,"cs":false,"maxbr":999000,"fl":320000,"toast":false,"flag":0},{"id":494865824,"fee":8,"payed":0,"st":0,"pl":128000,"dl":0,"sp":7,"cp":1,"subp":1,"cs":false,"maxbr":999000,"fl":128000,"toast":false,"flag":0},{"id":500325027,"fee":0,"payed":0,"st":0,"pl":320000,"dl":320000,"sp":7,"cp":1,"subp":1,"cs":false,"maxbr":999000,"fl":320000,"toast":false,"flag":0},{"id":501467216,"fee":0,"payed":0,"st":0,"pl":320000,"dl":320000,"sp":7,"cp":1,"subp":1,"cs":false,"maxbr":999000,"fl":320000,"toast":false,"flag":0}]}