<?xml version="1.0" encoding="UTF-8"?>
<!DOCTYPE mapper PUBLIC "-//mybatis.org//DTD Mapper 3.0//EN" "http://mybatis.org/dtd/mybatis-3-mapper.dtd">
<mapper namespace="com.story.storyadmin.mapper.sysmgr.expand.UserMapper2">

    <!-- 用户信息：开启二级缓存 -->
    <cache type="org.mybatis.caches.ehcache.LoggingEhcache"/>

    <!--根据角色ID获取权限 角色为有效的-->
    <select id="selectRoleByUserId" resultType="Long">
        SELECT
          role_id
        FROM   st_user_role
        where user_id= #{userId}
              and yn_flag='1'
    </select>

    <!--根据用户名名查询所有角色名 distinct 不重复的-->
    <select id="selectRoleByAccount" resultType="String">
        SELECT
         distinct r.name
        FROM   st2_user u,st_role r,st_user_role ur
        where u.id=ur.user_id and r.id=ur.role_id
        and u.name=#{userName}
    </select>

    <!--根据UserId删除 这里的删除是进行修改操作的逻辑删除 将yn_flag置为0 无效-->
    <update id="deleteRoleByUserId" parameterType="com.story.storyadmin.domain.entity.sysmgr.UserRole">
      update st_user_role
      set yn_flag='0',
      editor=#{editor},
      modified_time=#{modifiedTime}
      where user_id= #{userId}
            and yn_flag='1'
    </update>

    <!--批量新增-->
    <insert id="batchInsertUserRole" parameterType="java.util.List" useGeneratedKeys="false">
        insert into st_user_role(user_id,role_id,yn_flag,creator,editor,created_time,modified_time)
        values
        <foreach collection="list" item="item" index="index" separator=",">
            (
                #{item.userId},
                #{item.roleId},
                #{item.ynFlag},
                #{item.creator},
                #{item.editor},
                #{item.createdTime},
                #{item.modifiedTime}
            )
        </foreach>
    </insert>

    <select id="selectUserNameList" resultType="com.story.storyadmin.domain.entity.sysmgr.expand.User2">
        SELECT
          u.id,u.name
        FROM   st2_user u
        where  u.yn_flag='1'
    </select>



</mapper>
