<?xml version="1.0" encoding="UTF-8"?>
<!DOCTYPE mapper PUBLIC "-//mybatis.org//DTD Mapper 3.0//EN" "http://mybatis.org/dtd/mybatis-3-mapper.dtd">
<mapper namespace="com.story.storyadmin.mapper.sysmgr.SystemSequenceMapper">
  <resultMap id="BaseResultMap" type="com.story.storyadmin.domain.entity.sysmgr.SystemSequence">
    <id column="table_name" jdbcType="VARCHAR" property="tableName" />
    <id column="column_name" jdbcType="VARCHAR" property="columnName" />
    <result column="sequence" jdbcType="INTEGER" property="sequence" />
  </resultMap>

  <sql id="Example_Where_Clause">
    <where>
      <foreach collection="oredCriteria" item="criteria" separator="or">
        <if test="criteria.valid">
          <trim prefix="(" prefixOverrides="and" suffix=")">
            <foreach collection="criteria.criteria" item="criterion">
              <choose>
                <when test="criterion.noValue">
                  and ${criterion.condition}
                </when>
                <when test="criterion.singleValue">
                  and ${criterion.condition} #{criterion.value}
                </when>
                <when test="criterion.betweenValue">
                  and ${criterion.condition} #{criterion.value} and #{criterion.secondValue}
                </when>
                <when test="criterion.listValue">
                  and ${criterion.condition}
                  <foreach close=")" collection="criterion.value" item="listItem" open="(" separator=",">
                    #{listItem}
                  </foreach>
                </when>
              </choose>
            </foreach>
          </trim>
        </if>
      </foreach>
    </where>
  </sql>

  <sql id="Update_By_Example_Where_Clause">
    <where>
      <foreach collection="example.oredCriteria" item="criteria" separator="or">
        <if test="criteria.valid">
          <trim prefix="(" prefixOverrides="and" suffix=")">
            <foreach collection="criteria.criteria" item="criterion">
              <choose>
                <when test="criterion.noValue">
                  and ${criterion.condition}
                </when>
                <when test="criterion.singleValue">
                  and ${criterion.condition} #{criterion.value}
                </when>
                <when test="criterion.betweenValue">
                  and ${criterion.condition} #{criterion.value} and #{criterion.secondValue}
                </when>
                <when test="criterion.listValue">
                  and ${criterion.condition}
                  <foreach close=")" collection="criterion.value" item="listItem" open="(" separator=",">
                    #{listItem}
                  </foreach>
                </when>
              </choose>
            </foreach>
          </trim>
        </if>
      </foreach>
    </where>
  </sql>

  <sql id="Base_Column_List">
    table_name, column_name, sequence
  </sql>

  <select id="selectByExample" parameterType="com.story.storyadmin.domain.entity.sysmgr.SystemSequence" resultMap="BaseResultMap">
    select
    <if test="distinct">
      distinct
    </if>
    <include refid="Base_Column_List" />
    from ST_SYSTEM_SEQUENCE
    <if test="_parameter != null">
      <include refid="Example_Where_Clause" />
    </if>
    <if test="orderByClause != null">
      order by ${orderByClause}
    </if>
  </select>

  <select id="selectByPrimaryKey" parameterType="com.story.storyadmin.domain.entity.sysmgr.SystemSequence" resultMap="BaseResultMap">
    select 
    <include refid="Base_Column_List" />
    from ST_SYSTEM_SEQUENCE
    where table_name = #{tableName,jdbcType=VARCHAR}
      and column_name = #{columnName,jdbcType=VARCHAR}
  </select>

  <delete id="deleteByPrimaryKey" parameterType="com.story.storyadmin.domain.entity.sysmgr.SystemSequence">
    delete from ST_SYSTEM_SEQUENCE
    where table_name = #{tableName,jdbcType=VARCHAR}
      and column_name = #{columnName,jdbcType=VARCHAR}
  </delete>

  <delete id="deleteByExample" parameterType="com.story.storyadmin.domain.entity.sysmgr.SystemSequence">
    delete from ST_SYSTEM_SEQUENCE
    <if test="_parameter != null">
      <include refid="Example_Where_Clause" />
    </if>
  </delete>

  <insert id="insert" parameterType="com.story.storyadmin.domain.entity.sysmgr.SystemSequence">
    insert into ST_SYSTEM_SEQUENCE (table_name, column_name, sequence
      )
    values (#{tableName,jdbcType=VARCHAR}, #{columnName,jdbcType=VARCHAR}, #{sequence,jdbcType=INTEGER}
      )
  </insert>

  <insert id="insertSelective" parameterType="com.story.storyadmin.domain.entity.sysmgr.SystemSequence">
    insert into ST_SYSTEM_SEQUENCE
    <trim prefix="(" suffix=")" suffixOverrides=",">
      <if test="tableName != null">
        table_name,
      </if>
      <if test="columnName != null">
        column_name,
      </if>
      <if test="sequence != null">
        sequence,
      </if>
    </trim>
    <trim prefix="values (" suffix=")" suffixOverrides=",">
      <if test="tableName != null">
        #{tableName,jdbcType=VARCHAR},
      </if>
      <if test="columnName != null">
        #{columnName,jdbcType=VARCHAR},
      </if>
      <if test="sequence != null">
        #{sequence,jdbcType=INTEGER},
      </if>
    </trim>
  </insert>

  <select id="countByExample" parameterType="com.story.storyadmin.domain.entity.sysmgr.SystemSequence" resultType="java.lang.Long">
    select count(*) from ST_SYSTEM_SEQUENCE
    <if test="_parameter != null">
      <include refid="Example_Where_Clause" />
    </if>
  </select>

  <update id="updateByExampleSelective" parameterType="map">
    update ST_SYSTEM_SEQUENCE
    <set>
      <if test="record.tableName != null">
        table_name = #{record.tableName,jdbcType=VARCHAR},
      </if>
      <if test="record.columnName != null">
        column_name = #{record.columnName,jdbcType=VARCHAR},
      </if>
      <if test="record.sequence != null">
        sequence = #{record.sequence,jdbcType=INTEGER},
      </if>
    </set>
    <if test="_parameter != null">
      <include refid="Update_By_Example_Where_Clause" />
    </if>
  </update>

  <update id="updateByExample" parameterType="map">
    update ST_SYSTEM_SEQUENCE
    set table_name = #{record.tableName,jdbcType=VARCHAR},
      column_name = #{record.columnName,jdbcType=VARCHAR},
      sequence = #{record.sequence,jdbcType=INTEGER}
    <if test="_parameter != null">
      <include refid="Update_By_Example_Where_Clause" />
    </if>
  </update>

  <update id="updateByPrimaryKeySelective" parameterType="com.story.storyadmin.domain.entity.sysmgr.SystemSequence">
    update ST_SYSTEM_SEQUENCE
    <set>
      <if test="sequence != null">
        sequence = #{sequence,jdbcType=INTEGER},
      </if>
    </set>
    where table_name = #{tableName,jdbcType=VARCHAR}
      and column_name = #{columnName,jdbcType=VARCHAR}
  </update>

  <update id="updateByPrimaryKey" parameterType="com.story.storyadmin.domain.entity.sysmgr.SystemSequence">

    update ST_SYSTEM_SEQUENCE
    set sequence = #{sequence,jdbcType=INTEGER}
    where table_name = #{tableName,jdbcType=VARCHAR}
      and column_name = #{columnName,jdbcType=VARCHAR}
  </update>

</mapper>